city,Average_Celcius,Average_Fahrenheit
 darwin ,25.808333333333334,78.5
 sydney ,19.666666666666668,67.41666666666667
 melbourne ,15.1875,59.333333333333336
 perth ,12.354166666666666,54.25
 brisbane ,16.962500000000002,62.5
 hobart ,11.695833333333333,53.083333333333336
 canberra ,13.9375,57.083333333333336
